no,comment
1,"Aku cuma pake sunscreen dan krim ini doang, alhamdulillah setahun udah mulusan."
2,"Simpen dulu di keranjang kuning, nanti check out."
3,Muka kusamku jadi segeran setelah rutin pake krim ini.
4,"Aku cuma pake sunscreen dan krim ini doang, alhamdulillah setahun udah mulusan."
5,Masih menjadi misteri kenapa Dr. Fay bisa sebagus itu.
6,"Banyakin produk kayak gini, aku anak kuliahan yang minim budget banget pengen glowing."
7,"Udah check out kak, yang kemarin udah abis dan cocok banget."
8,"Aku termasuk orang yang gak percayaan kalo beli ini online, baru kali ini beli krim hasilnya sesuai sama di video."
9,"Aku juga lagi pake, alhamdulillah hasilnya udah keliatan."
10,Hasilnya nyata dan bagus banget.
11,"Aku termasuk orang yang gak percayaan kalo beli ini online, baru kali ini beli krim hasilnya sesuai sama di video."
12,Di aku cocok banget! Makasih banyak!
13,"Kak, aku udah abis 3 pot nih, udah jadi langganan, bonusin dong!"
14,"Krimnya ringan, gak lengket, dan yang penting bikin kulitku jadi lebih halus."
15,Muka kusamku jadi segeran setelah rutin pake krim ini.
16,"Ini dia yang aku cari-cari, akhirnya ketemu juga."
17,"Bakalan langganan ini mah, soalnya aku ngerasain banget insecure-nya."
18,"Aku dulu dibeliin istri pake ini, tapi emang agak sabar harusnya."
19,Suka banget sama produknya!
20,"Temen-temenku pada nanyain aku pake skincare apa, karena muka ku jadi glowing."
21,"Baunya juga enak, gak nyengat sama sekali."
22,"Aku 2 bulanan udah mulai pudar, walaupun belum pudar total tapi udah membantu lah itungannya."
23,"Pakenya gampang, cepet meresap lagi."
24,"Yang mau hasilnya maksimal, pake rutin tiap mau tidur. Pasti hasilnya bagus kayak aku."
25,"Aku saranin kalo mau hasilnya lebih bagus, pake facial wash dulu sebelum pake ini, dijamin krimnya meresap ke kulit."
26,"Yang mau hasilnya maksimal, pake rutin tiap mau tidur. Pasti hasilnya bagus kayak aku."
27,Hasilnya nyata dan bagus banget.
28,"Ternyata gak kerasa, belum sebulan pake udah ada hasilnya aja."
29,"Aku juga lagi pake, alhamdulillah hasilnya udah keliatan."
30,Tekstur dan Kenyamanan Penggunaan:
31,"Temen-temenku pada nanyain aku pake skincare apa, karena muka ku jadi glowing."
32,"Yang mau hasilnya maksimal, pake rutin tiap mau tidur. Pasti hasilnya bagus kayak aku."
33,"Sumpah, pake yang lain gak ada efeknya. Baru 2 hari pake ini, jerawat udah mulai kering. Emang the best!"
34,"Ternyata gak kerasa, belum sebulan pake udah ada hasilnya aja."
35,"Temen-temenku pada nanyain aku pake skincare apa, karena muka ku jadi glowing."
36,"Aku juga lagi pake, alhamdulillah hasilnya udah keliatan."
37,"Cocok banget buat anak sekolahan, murah tapi hasilnya oke banget."
38,"Temen-temenku pada nanyain aku pake skincare apa, karena muka ku jadi glowing."
39,"Dulu insecure banget sama bopeng, sekarang udah jauh lebih pede."
40,"Inget ya, ini bukan menghilangkan, tapi memudarkan dan harus dipakai rutin. Soalnya aku udah coba."
41,"Aku juga lagi pake, alhamdulillah hasilnya udah keliatan."
42,"Worth it banget sama harganya, hasilnya gak bohong!"
43,"Temen-temenku pada nanyain aku pake skincare apa, karena muka ku jadi glowing."
44,Suka banget sama produknya!
45,"Aku udah pakai ini, baru pakai 3 minggu bopeng bye-bye, suka banget!"
46,"Aku juga lagi pake, alhamdulillah hasilnya udah keliatan."
47,"Aku pernah order di Shopee, emang bagus nih krim."
48,"Sumpah, pake yang lain gak ada efeknya. Baru 2 hari pake ini, jerawat udah mulai kering. Emang the best!"
49,"Worth it banget sama harganya, hasilnya gak bohong!"
50,Pelayanannya juga ramah dan fast response.
51,"Inget ya, ini bukan menghilangkan, tapi memudarkan dan harus dipakai rutin. Soalnya aku udah coba."
52,"Aku 2 bulanan udah mulai pudar, walaupun belum pudar total tapi udah membantu lah itungannya."
53,Pokoknya bintang lima deh buat produk ini! Luv banget!
54,Pelayanannya juga ramah dan fast response.
55,Akhirnya nemu skincare yang cocok dan gak bikin kantong kering.
56,"Pakenya gampang, cepet meresap lagi."
57,"Bakalan langganan ini mah, soalnya aku ngerasain banget insecure-nya."
58,"Aku cowok yang cuek sama perawatan, tapi buat masalah jerawat, krim ini beneran ampuh meredakan. Asal dipake rutin, produk ini bagus banget."
59,"Yang mau hasilnya maksimal, pake rutin tiap mau tidur. Pasti hasilnya bagus kayak aku."
60,"Inget ya, ini bukan menghilangkan, tapi memudarkan dan harus dipakai rutin. Soalnya aku udah coba."
61,"Ternyata gak kerasa, belum sebulan pake udah ada hasilnya aja."
62,"Aku cuma pake sunscreen dan krim ini doang, alhamdulillah setahun udah mulusan."
63,"Gak nyangka hasilnya bisa secepat ini, recommended banget!"
64,"Lagi dan lagi, produk Beautyhacks gak pernah kecewa."
65,"Udah check out kak, yang kemarin udah abis dan cocok banget."
66,"Aku 2 bulanan udah mulai pudar, walaupun belum pudar total tapi udah membantu lah itungannya."
67,"Aku juga lagi pake, alhamdulillah hasilnya udah keliatan."
68,"Gak kecewa sama sekali beli ini, cuma pengirimannya agak lama dikit gak masalah."
69,"Pakenya gampang, cepet meresap lagi."
70,Pengirimannya selalu cepet dan packingnya rapi.
71,"Worth it banget sama harganya, hasilnya gak bohong!"
72,Aku udah pake sekitar seminggu dan udah keliatan hasilnya. Bakal order lagi nih.
73,"Teksturnya lembut dan ringan di kulit, suka!"
74,Cocok untuk Berbagai Kalangan dan Masalah Kulit:
75,"Ringan banget di muka, malah mirip kayak skincare mahal yang dulu aku pake, efeknya bagus banget."
76,"Aku udah pakai ini, baru pakai 3 minggu bopeng bye-bye, suka banget!"
77,"Aku saranin kalo mau hasilnya lebih bagus, pake facial wash dulu sebelum pake ini, dijamin krimnya meresap ke kulit."
78,"Aku juga lagi pake, alhamdulillah hasilnya udah keliatan."
79,"Sumpah, pake yang lain gak ada efeknya. Baru 2 hari pake ini, jerawat udah mulai kering. Emang the best!"
80,"Dulu insecure banget sama bopeng, sekarang udah jauh lebih pede."
81,"Aku cuma pake sunscreen dan krim ini doang, alhamdulillah setahun udah mulusan."
82,Masih menjadi misteri kenapa Dr. Fay bisa sebagus itu.
83,Tekstur dan Kenyamanan Penggunaan:
84,Hasilnya nyata dan bagus banget.
85,"Gak nyangka hasilnya bisa secepat ini, recommended banget!"
86,"Aku udah pakai ini, baru pakai 3 minggu bopeng bye-bye, suka banget!"
87,Tekstur dan Kenyamanan Penggunaan:
88,"Dikira bakal lengket di kulit, eh pas dipake ternyata enggak sama sekali, malah ringan banget."
89,"Baunya juga enak, gak nyengat sama sekali."
90,"Aku pake ini nih, inget banget perjuanganku 2023."
91,"Aku cowok yang cuek sama perawatan, tapi buat masalah jerawat, krim ini beneran ampuh meredakan. Asal dipake rutin, produk ini bagus banget."
92,"Cocok banget buat anak sekolahan, murah tapi hasilnya oke banget."
93,"Worth it banget sama harganya, hasilnya gak bohong!"
94,"Temen-temenku pada nanyain aku pake skincare apa, karena muka ku jadi glowing."
95,"Aku saranin kalo mau hasilnya lebih bagus, pake facial wash dulu sebelum pake ini, dijamin krimnya meresap ke kulit."
96,Akhirnya nemu skincare yang cocok dan gak bikin kantong kering.
97,"Simpen dulu di keranjang kuning, nanti check out."
98,"Inget ya, ini bukan menghilangkan, tapi memudarkan dan harus dipakai rutin. Soalnya aku udah coba."
99,Suka banget sama produknya!
100,"Kak, aku udah abis 3 pot nih, udah jadi langganan, bonusin dong!"
101,Pelayanannya juga ramah dan fast response.
102,"Aku cuma pake sunscreen dan krim ini doang, alhamdulillah setahun udah mulusan."
103,"Aku cowok yang cuek sama perawatan, tapi buat masalah jerawat, krim ini beneran ampuh meredakan. Asal dipake rutin, produk ini bagus banget."
104,Akhirnya nemu skincare yang cocok dan gak bikin kantong kering.
105,"Sumpah, pake yang lain gak ada efeknya. Baru 2 hari pake ini, jerawat udah mulai kering. Emang the best!"
106,"Aku 2 bulanan udah mulai pudar, walaupun belum pudar total tapi udah membantu lah itungannya."
107,"Aku 2 bulanan udah mulai pudar, walaupun belum pudar total tapi udah membantu lah itungannya."
108,Pelayanannya juga ramah dan fast response.
109,"Aku 2 bulanan udah mulai pudar, walaupun belum pudar total tapi udah membantu lah itungannya."
110,"Dikira bakal lengket di kulit, eh pas dipake ternyata enggak sama sekali, malah ringan banget."
111,"Udah check out kak, yang kemarin udah abis dan cocok banget."
112,"Banyakin produk kayak gini, aku anak kuliahan yang minim budget banget pengen glowing."
113,"Lagi make dan memang masih proses, semoga ikhtiarku hasilnya maksimal."
114,"Aku pernah order di Shopee, emang bagus nih krim."
115,"Inget ya, ini bukan menghilangkan, tapi memudarkan dan harus dipakai rutin. Soalnya aku udah coba."
116,"Temen-temenku pada nanyain aku pake skincare apa, karena muka ku jadi glowing."
117,"Ini dia yang aku cari-cari, akhirnya ketemu juga."
118,"Aku dulu dibeliin istri pake ini, tapi emang agak sabar harusnya."
119,"Aku dulu dibeliin istri pake ini, tapi emang agak sabar harusnya."
120,"Dulu insecure banget sama bopeng, sekarang udah jauh lebih pede."
121,"Aku dulu dibeliin istri pake ini, tapi emang agak sabar harusnya."
122,"Aku cowok yang cuek sama perawatan, tapi buat masalah jerawat, krim ini beneran ampuh meredakan. Asal dipake rutin, produk ini bagus banget."
123,"Temen-temenku pada nanyain aku pake skincare apa, karena muka ku jadi glowing."
124,""
125,"Dikira bakal lengket di kulit, eh pas dipake ternyata enggak sama sekali, malah ringan banget."
126,Muka kusamku jadi segeran setelah rutin pake krim ini.
127,Pelayanannya juga ramah dan fast response.
128,"Aku pake ini nih, inget banget perjuanganku 2023."
129,"Pengiriman cepet juga ya, ke Bekasi 2 hari sampe."
130,"Bakalan langganan ini mah, soalnya aku ngerasain banget insecure-nya."
131,Pelayanannya juga ramah dan fast response.
132,"Cocok banget buat anak sekolahan, murah tapi hasilnya oke banget."
133,"Ini dia yang aku cari-cari, akhirnya ketemu juga."
134,"Ini dia yang aku cari-cari, akhirnya ketemu juga."
135,"Gak nyangka hasilnya bisa secepat ini, recommended banget!"
136,"Lagi make dan memang masih proses, semoga ikhtiarku hasilnya maksimal."
137,"Cocok banget buat anak sekolahan, murah tapi hasilnya oke banget."
138,"Aku juga pake dan cocok. Kalo jerawat, 2 hari aja udah mulai kempis. Kalo buat flek, kayaknya butuh sekitar 3 mingguan, kira-kira 1-2 pot cukup."
139,Pokoknya bintang lima deh buat produk ini! Luv banget!
140,Banyak yang bilang ini penyelamat kulit yang lagi breakout parah.
141,Hasilnya nyata dan bagus banget.
142,"Ternyata gak kerasa, belum sebulan pake udah ada hasilnya aja."
143,"Gak kecewa sama sekali beli ini, cuma pengirimannya agak lama dikit gak masalah."
144,"Aku 2 bulanan udah mulai pudar, walaupun belum pudar total tapi udah membantu lah itungannya."
145,"Baunya juga enak, gak nyengat sama sekali."
146,"Aku saranin kalo mau hasilnya lebih bagus, pake facial wash dulu sebelum pake ini, dijamin krimnya meresap ke kulit."
147,"Cocok banget buat anak sekolahan, murah tapi hasilnya oke banget."
148,"Aku udah order di Shopee dulu, udah abis 2 cup kayaknya dan sekarang udah puas banget sama hasilnya."
149,"Aku cowok yang cuek sama perawatan, tapi buat masalah jerawat, krim ini beneran ampuh meredakan. Asal dipake rutin, produk ini bagus banget."
150,Muka kusamku jadi segeran setelah rutin pake krim ini.
151,"Lagi make dan memang masih proses, semoga ikhtiarku hasilnya maksimal."
152,"Worth it banget sama harganya, hasilnya gak bohong!"
153,"Simpen dulu di keranjang kuning, nanti check out."
154,Pelayanannya juga ramah dan fast response.
155,"Ini beneran, aku udah nyoba sendiri."
156,"Krimnya ringan, gak lengket, dan yang penting bikin kulitku jadi lebih halus."
157,"Aku pake ini nih, inget banget perjuanganku 2023."
158,"Aku saranin kalo mau hasilnya lebih bagus, pake facial wash dulu sebelum pake ini, dijamin krimnya meresap ke kulit."
159,"Aku dulu dibeliin istri pake ini, tapi emang agak sabar harusnya."
160,"Ternyata gak kerasa, belum sebulan pake udah ada hasilnya aja."
161,"Udah check out kak, yang kemarin udah abis dan cocok banget."
162,Banyak yang bilang ini penyelamat kulit yang lagi breakout parah.
163,"Aku udah pakai ini, baru pakai 3 minggu bopeng bye-bye, suka banget!"
164,"Aku dulu dibeliin istri pake ini, tapi emang agak sabar harusnya."
165,Muka kusamku jadi segeran setelah rutin pake krim ini.
166,Banyak yang bilang ini penyelamat kulit yang lagi breakout parah.
167,Muka kusamku jadi segeran setelah rutin pake krim ini.
168,Akhirnya nemu skincare yang cocok dan gak bikin kantong kering.
169,"Krimnya ringan, gak lengket, dan yang penting bikin kulitku jadi lebih halus."
170,Akhirnya nemu skincare yang cocok dan gak bikin kantong kering.
171,"Sumpah, pake yang lain gak ada efeknya. Baru 2 hari pake ini, jerawat udah mulai kering. Emang the best!"
172,"Aku cowok yang cuek sama perawatan, tapi buat masalah jerawat, krim ini beneran ampuh meredakan. Asal dipake rutin, produk ini bagus banget."
173,Muka kusamku jadi segeran setelah rutin pake krim ini.
174,"Cocok banget buat anak sekolahan, murah tapi hasilnya oke banget."
175,Pelayanannya juga ramah dan fast response.
176,Aku pake ini cukup 2 minggu aja bopeng sama flek hitam bekas jerawat hilang.
177,Aku udah pake sekitar seminggu dan udah keliatan hasilnya. Bakal order lagi nih.
178,"Aku pake ini nih, inget banget perjuanganku 2023."
179,Hasilnya nyata dan bagus banget.
180,"Aku saranin kalo mau hasilnya lebih bagus, pake facial wash dulu sebelum pake ini, dijamin krimnya meresap ke kulit."
181,"Kak, aku udah abis 3 pot nih, udah jadi langganan, bonusin dong!"
182,"Ternyata gak kerasa, belum sebulan pake udah ada hasilnya aja."
183,"Simpen dulu di keranjang kuning, nanti check out."
184,"Dulu insecure banget sama bopeng, sekarang udah jauh lebih pede."
185,"Pengiriman cepet juga ya, ke Bekasi 2 hari sampe."
186,"Aku dulu dibeliin istri pake ini, tapi emang agak sabar harusnya."
187,Muka kusamku jadi segeran setelah rutin pake krim ini.
188,Di aku cocok banget! Makasih banyak!
189,"Aku cowok yang cuek sama perawatan, tapi buat masalah jerawat, krim ini beneran ampuh meredakan. Asal dipake rutin, produk ini bagus banget."
190,Hasilnya nyata dan bagus banget.
191,"Gak kecewa sama sekali beli ini, cuma pengirimannya agak lama dikit gak masalah."
192,Aku udah pake sekitar seminggu dan udah keliatan hasilnya. Bakal order lagi nih.
193,"Aku juga pake dan cocok. Kalo jerawat, 2 hari aja udah mulai kempis. Kalo buat flek, kayaknya butuh sekitar 3 mingguan, kira-kira 1-2 pot cukup."
194,"Aku saranin kalo mau hasilnya lebih bagus, pake facial wash dulu sebelum pake ini, dijamin krimnya meresap ke kulit."
195,"Ringan banget di muka, malah mirip kayak skincare mahal yang dulu aku pake, efeknya bagus banget."
196,"Gak kecewa sama sekali beli ini, cuma pengirimannya agak lama dikit gak masalah."
197,Makasih banget udah bantu permasalahanku!
198,Cocok untuk Berbagai Kalangan dan Masalah Kulit:
199,Hasilnya nyata dan bagus banget.
200,"Aku cuma pake sunscreen dan krim ini doang, alhamdulillah setahun udah mulusan."
201,"Bakalan langganan ini mah, soalnya aku ngerasain banget insecure-nya."
202,Banyak yang bilang ini penyelamat kulit yang lagi breakout parah.
203,"Ringan banget di muka, malah mirip kayak skincare mahal yang dulu aku pake, efeknya bagus banget."
204,"Ringan banget di muka, malah mirip kayak skincare mahal yang dulu aku pake, efeknya bagus banget."
205,"Ini dia yang aku cari-cari, akhirnya ketemu juga."
206,"Aku juga lagi pake, alhamdulillah hasilnya udah keliatan."
207,""
208,"Aku dulu dibeliin istri pake ini, tapi emang agak sabar harusnya."
209,"Worth it banget sama harganya, hasilnya gak bohong!"
210,"Baunya juga enak, gak nyengat sama sekali."
211,"Ringan banget di muka, malah mirip kayak skincare mahal yang dulu aku pake, efeknya bagus banget."
212,"Bakalan langganan ini mah, soalnya aku ngerasain banget insecure-nya."
213,"Worth it banget sama harganya, hasilnya gak bohong!"
214,"Krimnya ringan, gak lengket, dan yang penting bikin kulitku jadi lebih halus."
215,Banyak yang bilang ini penyelamat kulit yang lagi breakout parah.
216,Aku udah pake sekitar seminggu dan udah keliatan hasilnya. Bakal order lagi nih.
217,"Ini beneran, aku udah nyoba sendiri."
218,"Aku cowok yang cuek sama perawatan, tapi buat masalah jerawat, krim ini beneran ampuh meredakan. Asal dipake rutin, produk ini bagus banget."
219,Makasih banget udah bantu permasalahanku!
220,"Lagi dan lagi, produk Beautyhacks gak pernah kecewa."
221,Akhirnya nemu skincare yang cocok dan gak bikin kantong kering.
222,"Kak, aku udah abis 3 pot nih, udah jadi langganan, bonusin dong!"
223,"Aku 2 bulanan udah mulai pudar, walaupun belum pudar total tapi udah membantu lah itungannya."
224,"Kak, aku udah abis 3 pot nih, udah jadi langganan, bonusin dong!"
225,Pelayanannya juga ramah dan fast response.
226,Aku udah pake sekitar seminggu dan udah keliatan hasilnya. Bakal order lagi nih.
227,Muka kusamku jadi segeran setelah rutin pake krim ini.
228,"Aku dulu dibeliin istri pake ini, tapi emang agak sabar harusnya."
229,Hasilnya nyata dan bagus banget.
230,"Simpen dulu di keranjang kuning, nanti check out."
231,"Sumpah, pake yang lain gak ada efeknya. Baru 2 hari pake ini, jerawat udah mulai kering. Emang the best!"
232,Aku pake ini cukup 2 minggu aja bopeng sama flek hitam bekas jerawat hilang.
233,"Kak, aku udah abis 3 pot nih, udah jadi langganan, bonusin dong!"
234,"Simpen dulu di keranjang kuning, nanti check out."
235,Pelayanannya juga ramah dan fast response.
236,"Baunya juga enak, gak nyengat sama sekali."
237,"Simpen dulu di keranjang kuning, nanti check out."
238,"Aku 2 bulanan udah mulai pudar, walaupun belum pudar total tapi udah membantu lah itungannya."
239,"Baunya juga enak, gak nyengat sama sekali."
240,"Inget ya, ini bukan menghilangkan, tapi memudarkan dan harus dipakai rutin. Soalnya aku udah coba."
241,Makasih banget udah bantu permasalahanku!
242,"Lagi make dan memang masih proses, semoga ikhtiarku hasilnya maksimal."
243,Banyak yang bilang ini penyelamat kulit yang lagi breakout parah.
244,"Aku juga pake dan cocok. Kalo jerawat, 2 hari aja udah mulai kempis. Kalo buat flek, kayaknya butuh sekitar 3 mingguan, kira-kira 1-2 pot cukup."
245,"Dulu insecure banget sama bopeng, sekarang udah jauh lebih pede."
246,"Kak, aku udah abis 3 pot nih, udah jadi langganan, bonusin dong!"
247,"Worth it banget sama harganya, hasilnya gak bohong!"
248,"Simpen dulu di keranjang kuning, nanti check out."
249,"Aku juga pake dan cocok. Kalo jerawat, 2 hari aja udah mulai kempis. Kalo buat flek, kayaknya butuh sekitar 3 mingguan, kira-kira 1-2 pot cukup."
250,"Aku juga lagi pake, alhamdulillah hasilnya udah keliatan."
251,Suka banget sama produknya!
252,Banyak yang bilang ini penyelamat kulit yang lagi breakout parah.
253,Aku pake ini cukup 2 minggu aja bopeng sama flek hitam bekas jerawat hilang.
254,Makasih banget udah bantu permasalahanku!
255,"Temen-temenku pada nanyain aku pake skincare apa, karena muka ku jadi glowing."
256,Hasilnya nyata dan bagus banget.
257,"Aku juga pake dan cocok. Kalo jerawat, 2 hari aja udah mulai kempis. Kalo buat flek, kayaknya butuh sekitar 3 mingguan, kira-kira 1-2 pot cukup."
258,Di aku cocok banget! Makasih banyak!
259,"Kak, aku udah abis 3 pot nih, udah jadi langganan, bonusin dong!"
260,"Aku termasuk orang yang gak percayaan kalo beli ini online, baru kali ini beli krim hasilnya sesuai sama di video."
261,"Aku udah order di Shopee dulu, udah abis 2 cup kayaknya dan sekarang udah puas banget sama hasilnya."
262,Di aku cocok banget! Makasih banyak!
263,Pengirimannya selalu cepet dan packingnya rapi.
264,"Aku udah pakai ini, baru pakai 3 minggu bopeng bye-bye, suka banget!"
265,"Aku cowok yang cuek sama perawatan, tapi buat masalah jerawat, krim ini beneran ampuh meredakan. Asal dipake rutin, produk ini bagus banget."
266,"Lagi make dan memang masih proses, semoga ikhtiarku hasilnya maksimal."
267,Pelayanannya juga ramah dan fast response.
268,"Baunya juga enak, gak nyengat sama sekali."
269,"Inget ya, ini bukan menghilangkan, tapi memudarkan dan harus dipakai rutin. Soalnya aku udah coba."
270,"Worth it banget sama harganya, hasilnya gak bohong!"
271,"Aku 2 bulanan udah mulai pudar, walaupun belum pudar total tapi udah membantu lah itungannya."
272,"Sumpah, pake yang lain gak ada efeknya. Baru 2 hari pake ini, jerawat udah mulai kering. Emang the best!"
273,"Lagi make dan memang masih proses, semoga ikhtiarku hasilnya maksimal."
274,"Aku pake ini nih, inget banget perjuanganku 2023."
275,"Inget ya, ini bukan menghilangkan, tapi memudarkan dan harus dipakai rutin. Soalnya aku udah coba."
276,"Aku pernah order di Shopee, emang bagus nih krim."
277,"Aku juga lagi pake, alhamdulillah hasilnya udah keliatan."
278,"Dikira bakal lengket di kulit, eh pas dipake ternyata enggak sama sekali, malah ringan banget."
279,"Aku udah order di Shopee dulu, udah abis 2 cup kayaknya dan sekarang udah puas banget sama hasilnya."
280,"Banyakin produk kayak gini, aku anak kuliahan yang minim budget banget pengen glowing."
281,"Gak nyangka hasilnya bisa secepat ini, recommended banget!"
282,"Dikira bakal lengket di kulit, eh pas dipake ternyata enggak sama sekali, malah ringan banget."
283,"Aku saranin kalo mau hasilnya lebih bagus, pake facial wash dulu sebelum pake ini, dijamin krimnya meresap ke kulit."
284,"Banyakin produk kayak gini, aku anak kuliahan yang minim budget banget pengen glowing."
285,"Pakenya gampang, cepet meresap lagi."
286,"Kak, aku udah abis 3 pot nih, udah jadi langganan, bonusin dong!"
287,Di aku cocok banget! Makasih banyak!
288,Aku pake ini cukup 2 minggu aja bopeng sama flek hitam bekas jerawat hilang.
289,"Aku juga pake dan cocok. Kalo jerawat, 2 hari aja udah mulai kempis. Kalo buat flek, kayaknya butuh sekitar 3 mingguan, kira-kira 1-2 pot cukup."
290,"Dulu insecure banget sama bopeng, sekarang udah jauh lebih pede."
291,Makasih banget udah bantu permasalahanku!
292,Pengirimannya selalu cepet dan packingnya rapi.
293,"Pengiriman cepet juga ya, ke Bekasi 2 hari sampe."
294,Muka kusamku jadi segeran setelah rutin pake krim ini.
295,"Aku cowok yang cuek sama perawatan, tapi buat masalah jerawat, krim ini beneran ampuh meredakan. Asal dipake rutin, produk ini bagus banget."
296,"Teksturnya lembut dan ringan di kulit, suka!"
297,"Aku 2 bulanan udah mulai pudar, walaupun belum pudar total tapi udah membantu lah itungannya."
298,"Aku 2 bulanan udah mulai pudar, walaupun belum pudar total tapi udah membantu lah itungannya."
299,Akhirnya nemu skincare yang cocok dan gak bikin kantong kering.
300,"Aku saranin kalo mau hasilnya lebih bagus, pake facial wash dulu sebelum pake ini, dijamin krimnya meresap ke kulit."
301,Di aku cocok banget! Makasih banyak!
302,"Dikira bakal lengket di kulit, eh pas dipake ternyata enggak sama sekali, malah ringan banget."
303,"Aku udah order di Shopee dulu, udah abis 2 cup kayaknya dan sekarang udah puas banget sama hasilnya."
304,Tekstur dan Kenyamanan Penggunaan:
305,"Ternyata gak kerasa, belum sebulan pake udah ada hasilnya aja."
306,"Aku udah order di Shopee dulu, udah abis 2 cup kayaknya dan sekarang udah puas banget sama hasilnya."
307,"Gak nyangka hasilnya bisa secepat ini, recommended banget!"
308,Banyak yang bilang ini penyelamat kulit yang lagi breakout parah.
309,"Aku cuma pake sunscreen dan krim ini doang, alhamdulillah setahun udah mulusan."
310,"Lagi dan lagi, produk Beautyhacks gak pernah kecewa."
311,"Aku juga pake dan cocok. Kalo jerawat, 2 hari aja udah mulai kempis. Kalo buat flek, kayaknya butuh sekitar 3 mingguan, kira-kira 1-2 pot cukup."
312,"Dikira bakal lengket di kulit, eh pas dipake ternyata enggak sama sekali, malah ringan banget."
313,Pengirimannya selalu cepet dan packingnya rapi.
314,"Worth it banget sama harganya, hasilnya gak bohong!"
315,"Kak, aku udah abis 3 pot nih, udah jadi langganan, bonusin dong!"
316,Aku udah pake sekitar seminggu dan udah keliatan hasilnya. Bakal order lagi nih.
317,Makasih banget udah bantu permasalahanku!
318,"Aku pake ini nih, inget banget perjuanganku 2023."
319,Aku pake ini cukup 2 minggu aja bopeng sama flek hitam bekas jerawat hilang.
320,"Gak kecewa sama sekali beli ini, cuma pengirimannya agak lama dikit gak masalah."
321,"Bakalan langganan ini mah, soalnya aku ngerasain banget insecure-nya."
322,"Pakenya gampang, cepet meresap lagi."
323,"Lagi make dan memang masih proses, semoga ikhtiarku hasilnya maksimal."
324,"Worth it banget sama harganya, hasilnya gak bohong!"
325,"Bakalan langganan ini mah, soalnya aku ngerasain banget insecure-nya."
326,Makasih banget udah bantu permasalahanku!
327,"Aku pake ini nih, inget banget perjuanganku 2023."
328,"Aku juga pake dan cocok. Kalo jerawat, 2 hari aja udah mulai kempis. Kalo buat flek, kayaknya butuh sekitar 3 mingguan, kira-kira 1-2 pot cukup."
329,"Lagi dan lagi, produk Beautyhacks gak pernah kecewa."
330,"Aku pake ini nih, inget banget perjuanganku 2023."
331,Masih menjadi misteri kenapa Dr. Fay bisa sebagus itu.
332,"Aku pernah order di Shopee, emang bagus nih krim."
333,"Aku termasuk orang yang gak percayaan kalo beli ini online, baru kali ini beli krim hasilnya sesuai sama di video."
334,Suka banget sama produknya!
335,"Gak kecewa sama sekali beli ini, cuma pengirimannya agak lama dikit gak masalah."
336,"Ternyata gak kerasa, belum sebulan pake udah ada hasilnya aja."
337,"Aku pernah order di Shopee, emang bagus nih krim."
338,"Aku cuma pake sunscreen dan krim ini doang, alhamdulillah setahun udah mulusan."
339,"Cocok banget buat anak sekolahan, murah tapi hasilnya oke banget."
340,Akhirnya nemu skincare yang cocok dan gak bikin kantong kering.
341,"Aku cowok yang cuek sama perawatan, tapi buat masalah jerawat, krim ini beneran ampuh meredakan. Asal dipake rutin, produk ini bagus banget."
342,"Pengiriman cepet juga ya, ke Bekasi 2 hari sampe."
343,"Aku saranin kalo mau hasilnya lebih bagus, pake facial wash dulu sebelum pake ini, dijamin krimnya meresap ke kulit."
344,Makasih banget udah bantu permasalahanku!
345,Di aku cocok banget! Makasih banyak!
346,Akhirnya nemu skincare yang cocok dan gak bikin kantong kering.
347,"Aku pake ini nih, inget banget perjuanganku 2023."
348,"Ini beneran, aku udah nyoba sendiri."
349,"Aku cowok yang cuek sama perawatan, tapi buat masalah jerawat, krim ini beneran ampuh meredakan. Asal dipake rutin, produk ini bagus banget."
350,Cocok untuk Berbagai Kalangan dan Masalah Kulit:
351,Banyak yang bilang ini penyelamat kulit yang lagi breakout parah.
352,"Krimnya ringan, gak lengket, dan yang penting bikin kulitku jadi lebih halus."
353,Aku udah pake sekitar seminggu dan udah keliatan hasilnya. Bakal order lagi nih.
354,"Aku udah pakai ini, baru pakai 3 minggu bopeng bye-bye, suka banget!"
355,"Aku saranin kalo mau hasilnya lebih bagus, pake facial wash dulu sebelum pake ini, dijamin krimnya meresap ke kulit."
356,Aku pake ini cukup 2 minggu aja bopeng sama flek hitam bekas jerawat hilang.
357,"Teksturnya lembut dan ringan di kulit, suka!"
358,"Krimnya ringan, gak lengket, dan yang penting bikin kulitku jadi lebih halus."
359,"Aku pake ini nih, inget banget perjuanganku 2023."
360,Muka kusamku jadi segeran setelah rutin pake krim ini.
361,"Aku juga pake dan cocok. Kalo jerawat, 2 hari aja udah mulai kempis. Kalo buat flek, kayaknya butuh sekitar 3 mingguan, kira-kira 1-2 pot cukup."
362,"Krimnya ringan, gak lengket, dan yang penting bikin kulitku jadi lebih halus."
363,"Dulu insecure banget sama bopeng, sekarang udah jauh lebih pede."
364,Di aku cocok banget! Makasih banyak!
365,"Ini dia yang aku cari-cari, akhirnya ketemu juga."
366,"Baunya juga enak, gak nyengat sama sekali."
367,"Kak, aku udah abis 3 pot nih, udah jadi langganan, bonusin dong!"
368,"Aku pernah order di Shopee, emang bagus nih krim."
369,"Aku pake ini nih, inget banget perjuanganku 2023."
370,Masih menjadi misteri kenapa Dr. Fay bisa sebagus itu.
371,"Lagi make dan memang masih proses, semoga ikhtiarku hasilnya maksimal."
372,"Simpen dulu di keranjang kuning, nanti check out."
373,"Aku 2 bulanan udah mulai pudar, walaupun belum pudar total tapi udah membantu lah itungannya."
374,"Ini dia yang aku cari-cari, akhirnya ketemu juga."
375,Hasilnya nyata dan bagus banget.
376,Pelayanannya juga ramah dan fast response.
377,"Pakenya gampang, cepet meresap lagi."
378,Banyak yang bilang ini penyelamat kulit yang lagi breakout parah.
379,Muka kusamku jadi segeran setelah rutin pake krim ini.
380,"Dulu insecure banget sama bopeng, sekarang udah jauh lebih pede."
381,"Baunya juga enak, gak nyengat sama sekali."
382,"Aku cuma pake sunscreen dan krim ini doang, alhamdulillah setahun udah mulusan."
383,Hasilnya nyata dan bagus banget.
384,"Aku pake ini nih, inget banget perjuanganku 2023."
385,"Krimnya ringan, gak lengket, dan yang penting bikin kulitku jadi lebih halus."
386,"Aku cowok yang cuek sama perawatan, tapi buat masalah jerawat, krim ini beneran ampuh meredakan. Asal dipake rutin, produk ini bagus banget."
387,"Dikira bakal lengket di kulit, eh pas dipake ternyata enggak sama sekali, malah ringan banget."
388,"Simpen dulu di keranjang kuning, nanti check out."
389,"Udah check out kak, yang kemarin udah abis dan cocok banget."
390,Makasih banget udah bantu permasalahanku!
391,"Aku cuma pake sunscreen dan krim ini doang, alhamdulillah setahun udah mulusan."
392,"Aku pernah order di Shopee, emang bagus nih krim."
393,"Aku pernah order di Shopee, emang bagus nih krim."
394,"Aku dulu dibeliin istri pake ini, tapi emang agak sabar harusnya."
395,"Lagi dan lagi, produk Beautyhacks gak pernah kecewa."
396,"Worth it banget sama harganya, hasilnya gak bohong!"
397,"Aku termasuk orang yang gak percayaan kalo beli ini online, baru kali ini beli krim hasilnya sesuai sama di video."
398,"Ini beneran, aku udah nyoba sendiri."
399,"Aku cuma pake sunscreen dan krim ini doang, alhamdulillah setahun udah mulusan."
400,"Aku pernah order di Shopee, emang bagus nih krim."
401,"Aku saranin kalo mau hasilnya lebih bagus, pake facial wash dulu sebelum pake ini, dijamin krimnya meresap ke kulit."
402,"Gak kecewa sama sekali beli ini, cuma pengirimannya agak lama dikit gak masalah."
403,"Aku dulu dibeliin istri pake ini, tapi emang agak sabar harusnya."
404,"Aku 2 bulanan udah mulai pudar, walaupun belum pudar total tapi udah membantu lah itungannya."
405,"Kak, aku udah abis 3 pot nih, udah jadi langganan, bonusin dong!"
406,Hasilnya nyata dan bagus banget.
407,"Aku pernah order di Shopee, emang bagus nih krim."
408,Suka banget sama produknya!
409,Tekstur dan Kenyamanan Penggunaan:
410,"Udah check out kak, yang kemarin udah abis dan cocok banget."
411,Masih menjadi misteri kenapa Dr. Fay bisa sebagus itu.
412,"Simpen dulu di keranjang kuning, nanti check out."
413,Pengirimannya selalu cepet dan packingnya rapi.
414,"Lagi dan lagi, produk Beautyhacks gak pernah kecewa."
415,"Cocok banget buat anak sekolahan, murah tapi hasilnya oke banget."
416,Tekstur dan Kenyamanan Penggunaan:
417,"Banyakin produk kayak gini, aku anak kuliahan yang minim budget banget pengen glowing."
418,"Pakenya gampang, cepet meresap lagi."
419,"Banyakin produk kayak gini, aku anak kuliahan yang minim budget banget pengen glowing."
420,"Ringan banget di muka, malah mirip kayak skincare mahal yang dulu aku pake, efeknya bagus banget."
421,"Lagi make dan memang masih proses, semoga ikhtiarku hasilnya maksimal."
422,"Aku pernah order di Shopee, emang bagus nih krim."
423,Aku udah pake sekitar seminggu dan udah keliatan hasilnya. Bakal order lagi nih.
424,"Aku cowok yang cuek sama perawatan, tapi buat masalah jerawat, krim ini beneran ampuh meredakan. Asal dipake rutin, produk ini bagus banget."
425,"Aku cuma pake sunscreen dan krim ini doang, alhamdulillah setahun udah mulusan."
426,Banyak yang bilang ini penyelamat kulit yang lagi breakout parah.
427,Pelayanannya juga ramah dan fast response.
428,"Ringan banget di muka, malah mirip kayak skincare mahal yang dulu aku pake, efeknya bagus banget."
429,"Yang mau hasilnya maksimal, pake rutin tiap mau tidur. Pasti hasilnya bagus kayak aku."
430,"Teksturnya lembut dan ringan di kulit, suka!"
431,"Aku cuma pake sunscreen dan krim ini doang, alhamdulillah setahun udah mulusan."
432,"Ini beneran, aku udah nyoba sendiri."
433,"Kak, aku udah abis 3 pot nih, udah jadi langganan, bonusin dong!"
434,Hasilnya nyata dan bagus banget.
435,"Aku cuma pake sunscreen dan krim ini doang, alhamdulillah setahun udah mulusan."
436,"Aku saranin kalo mau hasilnya lebih bagus, pake facial wash dulu sebelum pake ini, dijamin krimnya meresap ke kulit."
437,Cocok untuk Berbagai Kalangan dan Masalah Kulit:
438,Pokoknya bintang lima deh buat produk ini! Luv banget!
439,"Dulu insecure banget sama bopeng, sekarang udah jauh lebih pede."
440,"Ternyata gak kerasa, belum sebulan pake udah ada hasilnya aja."
441,"Ternyata gak kerasa, belum sebulan pake udah ada hasilnya aja."
442,"Ini beneran, aku udah nyoba sendiri."
443,"Ringan banget di muka, malah mirip kayak skincare mahal yang dulu aku pake, efeknya bagus banget."
444,"Temen-temenku pada nanyain aku pake skincare apa, karena muka ku jadi glowing."
445,"Ini dia yang aku cari-cari, akhirnya ketemu juga."
446,"Krimnya ringan, gak lengket, dan yang penting bikin kulitku jadi lebih halus."
447,"Lagi make dan memang masih proses, semoga ikhtiarku hasilnya maksimal."
448,"Aku pernah order di Shopee, emang bagus nih krim."
449,"Aku cuma pake sunscreen dan krim ini doang, alhamdulillah setahun udah mulusan."
450,Hasilnya nyata dan bagus banget.
451,"Aku juga lagi pake, alhamdulillah hasilnya udah keliatan."
452,"Aku udah order di Shopee dulu, udah abis 2 cup kayaknya dan sekarang udah puas banget sama hasilnya."
453,Tekstur dan Kenyamanan Penggunaan:
454,Tekstur dan Kenyamanan Penggunaan:
455,"Baunya juga enak, gak nyengat sama sekali."
456,"Ternyata gak kerasa, belum sebulan pake udah ada hasilnya aja."
457,Pelayanannya juga ramah dan fast response.
458,Pelayanannya juga ramah dan fast response.
459,"Aku pake ini nih, inget banget perjuanganku 2023."
460,Banyak yang bilang ini penyelamat kulit yang lagi breakout parah.
461,"Aku juga lagi pake, alhamdulillah hasilnya udah keliatan."
462,""
463,Di aku cocok banget! Makasih banyak!
464,"Pengiriman cepet juga ya, ke Bekasi 2 hari sampe."
465,"Ini dia yang aku cari-cari, akhirnya ketemu juga."
466,"Aku cowok yang cuek sama perawatan, tapi buat masalah jerawat, krim ini beneran ampuh meredakan. Asal dipake rutin, produk ini bagus banget."
467,"Lagi dan lagi, produk Beautyhacks gak pernah kecewa."
468,"Temen-temenku pada nanyain aku pake skincare apa, karena muka ku jadi glowing."
469,Aku pake ini cukup 2 minggu aja bopeng sama flek hitam bekas jerawat hilang.
470,"Gak nyangka hasilnya bisa secepat ini, recommended banget!"
471,"Inget ya, ini bukan menghilangkan, tapi memudarkan dan harus dipakai rutin. Soalnya aku udah coba."
472,"Kak, aku udah abis 3 pot nih, udah jadi langganan, bonusin dong!"
473,Makasih banget udah bantu permasalahanku!
474,"Udah check out kak, yang kemarin udah abis dan cocok banget."
475,Suka banget sama produknya!
476,Suka banget sama produknya!
477,"Lagi make dan memang masih proses, semoga ikhtiarku hasilnya maksimal."
478,"Cocok banget buat anak sekolahan, murah tapi hasilnya oke banget."
479,Masih menjadi misteri kenapa Dr. Fay bisa sebagus itu.
480,"Krimnya ringan, gak lengket, dan yang penting bikin kulitku jadi lebih halus."
481,"Ini dia yang aku cari-cari, akhirnya ketemu juga."
482,Cocok untuk Berbagai Kalangan dan Masalah Kulit:
483,"Aku cowok yang cuek sama perawatan, tapi buat masalah jerawat, krim ini beneran ampuh meredakan. Asal dipake rutin, produk ini bagus banget."
484,"Lagi make dan memang masih proses, semoga ikhtiarku hasilnya maksimal."
485,"Banyakin produk kayak gini, aku anak kuliahan yang minim budget banget pengen glowing."
486,"Gak kecewa sama sekali beli ini, cuma pengirimannya agak lama dikit gak masalah."
487,"Simpen dulu di keranjang kuning, nanti check out."
488,Aku udah pake sekitar seminggu dan udah keliatan hasilnya. Bakal order lagi nih.
489,"Cocok banget buat anak sekolahan, murah tapi hasilnya oke banget."
490,Pokoknya bintang lima deh buat produk ini! Luv banget!
491,"Temen-temenku pada nanyain aku pake skincare apa, karena muka ku jadi glowing."
492,"Aku dulu dibeliin istri pake ini, tapi emang agak sabar harusnya."
493,"Inget ya, ini bukan menghilangkan, tapi memudarkan dan harus dipakai rutin. Soalnya aku udah coba."
494,Banyak yang bilang ini penyelamat kulit yang lagi breakout parah.
495,Pelayanannya juga ramah dan fast response.
496,"Lagi make dan memang masih proses, semoga ikhtiarku hasilnya maksimal."
497,"Aku udah pakai ini, baru pakai 3 minggu bopeng bye-bye, suka banget!"
498,"Pakenya gampang, cepet meresap lagi."
499,Di aku cocok banget! Makasih banyak!
500,Di aku cocok banget! Makasih banyak!
501,"Sumpah, pake yang lain gak ada efeknya. Baru 2 hari pake ini, jerawat udah mulai kering. Emang the best!"
502,"Lagi make dan memang masih proses, semoga ikhtiarku hasilnya maksimal."
503,Akhirnya nemu skincare yang cocok dan gak bikin kantong kering.
504,"Baunya juga enak, gak nyengat sama sekali."
505,Aku pake ini cukup 2 minggu aja bopeng sama flek hitam bekas jerawat hilang.
506,"Ternyata gak kerasa, belum sebulan pake udah ada hasilnya aja."
507,"Teksturnya lembut dan ringan di kulit, suka!"
508,"Kak, aku udah abis 3 pot nih, udah jadi langganan, bonusin dong!"
509,Suka banget sama produknya!
510,"Dulu insecure banget sama bopeng, sekarang udah jauh lebih pede."
511,"Aku cowok yang cuek sama perawatan, tapi buat masalah jerawat, krim ini beneran ampuh meredakan. Asal dipake rutin, produk ini bagus banget."
512,""
513,"Aku udah pakai ini, baru pakai 3 minggu bopeng bye-bye, suka banget!"
514,Aku pake ini cukup 2 minggu aja bopeng sama flek hitam bekas jerawat hilang.
515,Cocok untuk Berbagai Kalangan dan Masalah Kulit:
516,"Baunya juga enak, gak nyengat sama sekali."
517,"Aku saranin kalo mau hasilnya lebih bagus, pake facial wash dulu sebelum pake ini, dijamin krimnya meresap ke kulit."
518,Banyak yang bilang ini penyelamat kulit yang lagi breakout parah.
519,"Udah check out kak, yang kemarin udah abis dan cocok banget."
520,"Worth it banget sama harganya, hasilnya gak bohong!"
521,"Aku pake ini nih, inget banget perjuanganku 2023."
522,"Pakenya gampang, cepet meresap lagi."
523,"Aku dulu dibeliin istri pake ini, tapi emang agak sabar harusnya."
524,Banyak yang bilang ini penyelamat kulit yang lagi breakout parah.
525,"Aku cowok yang cuek sama perawatan, tapi buat masalah jerawat, krim ini beneran ampuh meredakan. Asal dipake rutin, produk ini bagus banget."
526,Pengirimannya selalu cepet dan packingnya rapi.
527,"Temen-temenku pada nanyain aku pake skincare apa, karena muka ku jadi glowing."
528,"Banyakin produk kayak gini, aku anak kuliahan yang minim budget banget pengen glowing."
529,"Aku termasuk orang yang gak percayaan kalo beli ini online, baru kali ini beli krim hasilnya sesuai sama di video."
530,"Gak kecewa sama sekali beli ini, cuma pengirimannya agak lama dikit gak masalah."
531,"Simpen dulu di keranjang kuning, nanti check out."
532,"Teksturnya lembut dan ringan di kulit, suka!"
533,"Aku udah order di Shopee dulu, udah abis 2 cup kayaknya dan sekarang udah puas banget sama hasilnya."
534,"Aku termasuk orang yang gak percayaan kalo beli ini online, baru kali ini beli krim hasilnya sesuai sama di video."
535,"Aku juga pake dan cocok. Kalo jerawat, 2 hari aja udah mulai kempis. Kalo buat flek, kayaknya butuh sekitar 3 mingguan, kira-kira 1-2 pot cukup."
536,"Aku 2 bulanan udah mulai pudar, walaupun belum pudar total tapi udah membantu lah itungannya."
537,"Banyakin produk kayak gini, aku anak kuliahan yang minim budget banget pengen glowing."
538,"Worth it banget sama harganya, hasilnya gak bohong!"
539,"Cocok banget buat anak sekolahan, murah tapi hasilnya oke banget."
540,"Gak kecewa sama sekali beli ini, cuma pengirimannya agak lama dikit gak masalah."
541,"Inget ya, ini bukan menghilangkan, tapi memudarkan dan harus dipakai rutin. Soalnya aku udah coba."
542,Muka kusamku jadi segeran setelah rutin pake krim ini.
543,"Sumpah, pake yang lain gak ada efeknya. Baru 2 hari pake ini, jerawat udah mulai kering. Emang the best!"
544,Aku udah pake sekitar seminggu dan udah keliatan hasilnya. Bakal order lagi nih.
545,"Krimnya ringan, gak lengket, dan yang penting bikin kulitku jadi lebih halus."
546,Akhirnya nemu skincare yang cocok dan gak bikin kantong kering.
547,Tekstur dan Kenyamanan Penggunaan:
548,"Gak kecewa sama sekali beli ini, cuma pengirimannya agak lama dikit gak masalah."
549,"Aku juga lagi pake, alhamdulillah hasilnya udah keliatan."
550,"Lagi make dan memang masih proses, semoga ikhtiarku hasilnya maksimal."
551,Tekstur dan Kenyamanan Penggunaan:
552,"Gak nyangka hasilnya bisa secepat ini, recommended banget!"
553,"Simpen dulu di keranjang kuning, nanti check out."
554,"Simpen dulu di keranjang kuning, nanti check out."
555,"Ternyata gak kerasa, belum sebulan pake udah ada hasilnya aja."
556,"Pengiriman cepet juga ya, ke Bekasi 2 hari sampe."
557,"Pakenya gampang, cepet meresap lagi."
558,"Dulu insecure banget sama bopeng, sekarang udah jauh lebih pede."
559,Makasih banget udah bantu permasalahanku!
560,"Aku pernah order di Shopee, emang bagus nih krim."
561,Banyak yang bilang ini penyelamat kulit yang lagi breakout parah.
562,"Aku udah pakai ini, baru pakai 3 minggu bopeng bye-bye, suka banget!"
563,Masih menjadi misteri kenapa Dr. Fay bisa sebagus itu.
564,Pengirimannya selalu cepet dan packingnya rapi.
565,"Kak, aku udah abis 3 pot nih, udah jadi langganan, bonusin dong!"
566,"Ini beneran, aku udah nyoba sendiri."
567,"Teksturnya lembut dan ringan di kulit, suka!"
568,Aku udah pake sekitar seminggu dan udah keliatan hasilnya. Bakal order lagi nih.
569,"Baunya juga enak, gak nyengat sama sekali."
570,Cocok untuk Berbagai Kalangan dan Masalah Kulit:
571,"Temen-temenku pada nanyain aku pake skincare apa, karena muka ku jadi glowing."
572,"Ternyata gak kerasa, belum sebulan pake udah ada hasilnya aja."
573,Cocok untuk Berbagai Kalangan dan Masalah Kulit:
574,"Gak nyangka hasilnya bisa secepat ini, recommended banget!"
575,Pelayanannya juga ramah dan fast response.
576,"Ini beneran, aku udah nyoba sendiri."
577,"Ini beneran, aku udah nyoba sendiri."
578,Aku udah pake sekitar seminggu dan udah keliatan hasilnya. Bakal order lagi nih.
579,"Aku saranin kalo mau hasilnya lebih bagus, pake facial wash dulu sebelum pake ini, dijamin krimnya meresap ke kulit."
580,"Yang mau hasilnya maksimal, pake rutin tiap mau tidur. Pasti hasilnya bagus kayak aku."
581,Hasilnya nyata dan bagus banget.
582,"Aku juga lagi pake, alhamdulillah hasilnya udah keliatan."
583,"Aku cowok yang cuek sama perawatan, tapi buat masalah jerawat, krim ini beneran ampuh meredakan. Asal dipake rutin, produk ini bagus banget."
584,"Aku saranin kalo mau hasilnya lebih bagus, pake facial wash dulu sebelum pake ini, dijamin krimnya meresap ke kulit."
585,"Aku cowok yang cuek sama perawatan, tapi buat masalah jerawat, krim ini beneran ampuh meredakan. Asal dipake rutin, produk ini bagus banget."
586,"Sumpah, pake yang lain gak ada efeknya. Baru 2 hari pake ini, jerawat udah mulai kering. Emang the best!"
587,"Lagi make dan memang masih proses, semoga ikhtiarku hasilnya maksimal."
588,"Aku juga lagi pake, alhamdulillah hasilnya udah keliatan."
589,"Aku udah pakai ini, baru pakai 3 minggu bopeng bye-bye, suka banget!"
590,"Aku juga pake dan cocok. Kalo jerawat, 2 hari aja udah mulai kempis. Kalo buat flek, kayaknya butuh sekitar 3 mingguan, kira-kira 1-2 pot cukup."
591,"Pakenya gampang, cepet meresap lagi."
592,Aku udah pake sekitar seminggu dan udah keliatan hasilnya. Bakal order lagi nih.
593,"Inget ya, ini bukan menghilangkan, tapi memudarkan dan harus dipakai rutin. Soalnya aku udah coba."
594,"Udah check out kak, yang kemarin udah abis dan cocok banget."
595,"Pengiriman cepet juga ya, ke Bekasi 2 hari sampe."
596,Aku udah pake sekitar seminggu dan udah keliatan hasilnya. Bakal order lagi nih.
597,Di aku cocok banget! Makasih banyak!
598,"Dikira bakal lengket di kulit, eh pas dipake ternyata enggak sama sekali, malah ringan banget."
599,"Inget ya, ini bukan menghilangkan, tapi memudarkan dan harus dipakai rutin. Soalnya aku udah coba."
600,Suka banget sama produknya!
601,"Banyakin produk kayak gini, aku anak kuliahan yang minim budget banget pengen glowing."
602,Aku udah pake sekitar seminggu dan udah keliatan hasilnya. Bakal order lagi nih.
603,"Aku udah order di Shopee dulu, udah abis 2 cup kayaknya dan sekarang udah puas banget sama hasilnya."
604,"Aku udah order di Shopee dulu, udah abis 2 cup kayaknya dan sekarang udah puas banget sama hasilnya."
605,"Cocok banget buat anak sekolahan, murah tapi hasilnya oke banget."
606,Pengirimannya selalu cepet dan packingnya rapi.
607,"Temen-temenku pada nanyain aku pake skincare apa, karena muka ku jadi glowing."
608,"Teksturnya lembut dan ringan di kulit, suka!"
609,Cocok untuk Berbagai Kalangan dan Masalah Kulit:
610,"Temen-temenku pada nanyain aku pake skincare apa, karena muka ku jadi glowing."
611,"Yang mau hasilnya maksimal, pake rutin tiap mau tidur. Pasti hasilnya bagus kayak aku."
612,"Lagi dan lagi, produk Beautyhacks gak pernah kecewa."
613,"Worth it banget sama harganya, hasilnya gak bohong!"
614,"Ternyata gak kerasa, belum sebulan pake udah ada hasilnya aja."
615,"Aku udah pakai ini, baru pakai 3 minggu bopeng bye-bye, suka banget!"
616,Pokoknya bintang lima deh buat produk ini! Luv banget!
617,Muka kusamku jadi segeran setelah rutin pake krim ini.
618,"Aku termasuk orang yang gak percayaan kalo beli ini online, baru kali ini beli krim hasilnya sesuai sama di video."
619,"Ternyata gak kerasa, belum sebulan pake udah ada hasilnya aja."
620,"Lagi make dan memang masih proses, semoga ikhtiarku hasilnya maksimal."
621,"Sumpah, pake yang lain gak ada efeknya. Baru 2 hari pake ini, jerawat udah mulai kering. Emang the best!"
622,Aku pake ini cukup 2 minggu aja bopeng sama flek hitam bekas jerawat hilang.
623,"Inget ya, ini bukan menghilangkan, tapi memudarkan dan harus dipakai rutin. Soalnya aku udah coba."
624,"Inget ya, ini bukan menghilangkan, tapi memudarkan dan harus dipakai rutin. Soalnya aku udah coba."
625,"Aku cowok yang cuek sama perawatan, tapi buat masalah jerawat, krim ini beneran ampuh meredakan. Asal dipake rutin, produk ini bagus banget."
626,Cocok untuk Berbagai Kalangan dan Masalah Kulit:
627,Aku udah pake sekitar seminggu dan udah keliatan hasilnya. Bakal order lagi nih.
628,Pokoknya bintang lima deh buat produk ini! Luv banget!
629,"Aku saranin kalo mau hasilnya lebih bagus, pake facial wash dulu sebelum pake ini, dijamin krimnya meresap ke kulit."
630,Pelayanannya juga ramah dan fast response.
631,"Kak, aku udah abis 3 pot nih, udah jadi langganan, bonusin dong!"
632,"Cocok banget buat anak sekolahan, murah tapi hasilnya oke banget."
633,Banyak yang bilang ini penyelamat kulit yang lagi breakout parah.
634,"Aku cowok yang cuek sama perawatan, tapi buat masalah jerawat, krim ini beneran ampuh meredakan. Asal dipake rutin, produk ini bagus banget."
635,"Ini dia yang aku cari-cari, akhirnya ketemu juga."
636,"Gak nyangka hasilnya bisa secepat ini, recommended banget!"
637,"Gak kecewa sama sekali beli ini, cuma pengirimannya agak lama dikit gak masalah."
638,"Kak, aku udah abis 3 pot nih, udah jadi langganan, bonusin dong!"
639,"Ternyata gak kerasa, belum sebulan pake udah ada hasilnya aja."
640,"Aku juga lagi pake, alhamdulillah hasilnya udah keliatan."
641,Pengirimannya selalu cepet dan packingnya rapi.
642,"Krimnya ringan, gak lengket, dan yang penting bikin kulitku jadi lebih halus."
643,"Inget ya, ini bukan menghilangkan, tapi memudarkan dan harus dipakai rutin. Soalnya aku udah coba."
644,"Worth it banget sama harganya, hasilnya gak bohong!"
645,"Aku cuma pake sunscreen dan krim ini doang, alhamdulillah setahun udah mulusan."
646,Masih menjadi misteri kenapa Dr. Fay bisa sebagus itu.
647,Hasilnya nyata dan bagus banget.
648,"Banyakin produk kayak gini, aku anak kuliahan yang minim budget banget pengen glowing."
649,"Ini beneran, aku udah nyoba sendiri."
650,Tekstur dan Kenyamanan Penggunaan:
651,"Baunya juga enak, gak nyengat sama sekali."
652,"Aku pernah order di Shopee, emang bagus nih krim."
653,Muka kusamku jadi segeran setelah rutin pake krim ini.
654,Suka banget sama produknya!
655,Masih menjadi misteri kenapa Dr. Fay bisa sebagus itu.
656,"Cocok banget buat anak sekolahan, murah tapi hasilnya oke banget."
657,"Baunya juga enak, gak nyengat sama sekali."
658,""
659,"Krimnya ringan, gak lengket, dan yang penting bikin kulitku jadi lebih halus."
660,Suka banget sama produknya!
661,"Pengiriman cepet juga ya, ke Bekasi 2 hari sampe."
662,Aku pake ini cukup 2 minggu aja bopeng sama flek hitam bekas jerawat hilang.
663,Akhirnya nemu skincare yang cocok dan gak bikin kantong kering.
664,"Aku pake ini nih, inget banget perjuanganku 2023."
665,"Aku termasuk orang yang gak percayaan kalo beli ini online, baru kali ini beli krim hasilnya sesuai sama di video."
666,"Ternyata gak kerasa, belum sebulan pake udah ada hasilnya aja."
667,"Ternyata gak kerasa, belum sebulan pake udah ada hasilnya aja."
668,"Simpen dulu di keranjang kuning, nanti check out."
669,Suka banget sama produknya!
670,"Banyakin produk kayak gini, aku anak kuliahan yang minim budget banget pengen glowing."
671,"Temen-temenku pada nanyain aku pake skincare apa, karena muka ku jadi glowing."
672,"Teksturnya lembut dan ringan di kulit, suka!"
673,Pengirimannya selalu cepet dan packingnya rapi.
674,"Ternyata gak kerasa, belum sebulan pake udah ada hasilnya aja."
675,"Ini dia yang aku cari-cari, akhirnya ketemu juga."
676,"Pengiriman cepet juga ya, ke Bekasi 2 hari sampe."
677,"Aku juga lagi pake, alhamdulillah hasilnya udah keliatan."
678,"Aku termasuk orang yang gak percayaan kalo beli ini online, baru kali ini beli krim hasilnya sesuai sama di video."
679,Masih menjadi misteri kenapa Dr. Fay bisa sebagus itu.
680,"Teksturnya lembut dan ringan di kulit, suka!"
681,"Inget ya, ini bukan menghilangkan, tapi memudarkan dan harus dipakai rutin. Soalnya aku udah coba."
682,"Teksturnya lembut dan ringan di kulit, suka!"
683,"Aku termasuk orang yang gak percayaan kalo beli ini online, baru kali ini beli krim hasilnya sesuai sama di video."
684,"Worth it banget sama harganya, hasilnya gak bohong!"
685,"Dulu insecure banget sama bopeng, sekarang udah jauh lebih pede."
686,""
687,"Aku termasuk orang yang gak percayaan kalo beli ini online, baru kali ini beli krim hasilnya sesuai sama di video."
688,"Aku dulu dibeliin istri pake ini, tapi emang agak sabar harusnya."
689,"Worth it banget sama harganya, hasilnya gak bohong!"
690,"Aku cuma pake sunscreen dan krim ini doang, alhamdulillah setahun udah mulusan."
691,"Aku pake ini nih, inget banget perjuanganku 2023."
692,"Lagi dan lagi, produk Beautyhacks gak pernah kecewa."
693,"Gak kecewa sama sekali beli ini, cuma pengirimannya agak lama dikit gak masalah."
694,"Dikira bakal lengket di kulit, eh pas dipake ternyata enggak sama sekali, malah ringan banget."
695,"Gak kecewa sama sekali beli ini, cuma pengirimannya agak lama dikit gak masalah."
696,"Kak, aku udah abis 3 pot nih, udah jadi langganan, bonusin dong!"
697,Masih menjadi misteri kenapa Dr. Fay bisa sebagus itu.
698,"Inget ya, ini bukan menghilangkan, tapi memudarkan dan harus dipakai rutin. Soalnya aku udah coba."
699,"Ini beneran, aku udah nyoba sendiri."
700,"Temen-temenku pada nanyain aku pake skincare apa, karena muka ku jadi glowing."
701,Pokoknya bintang lima deh buat produk ini! Luv banget!
702,"Lagi make dan memang masih proses, semoga ikhtiarku hasilnya maksimal."
703,"Lagi dan lagi, produk Beautyhacks gak pernah kecewa."
704,"Temen-temenku pada nanyain aku pake skincare apa, karena muka ku jadi glowing."
705,"Pakenya gampang, cepet meresap lagi."
706,Pengirimannya selalu cepet dan packingnya rapi.
707,"Banyakin produk kayak gini, aku anak kuliahan yang minim budget banget pengen glowing."
708,"Aku saranin kalo mau hasilnya lebih bagus, pake facial wash dulu sebelum pake ini, dijamin krimnya meresap ke kulit."
709,"Krimnya ringan, gak lengket, dan yang penting bikin kulitku jadi lebih halus."
710,"Aku pake ini nih, inget banget perjuanganku 2023."
711,"Aku saranin kalo mau hasilnya lebih bagus, pake facial wash dulu sebelum pake ini, dijamin krimnya meresap ke kulit."
712,"Ini dia yang aku cari-cari, akhirnya ketemu juga."
713,"Ini dia yang aku cari-cari, akhirnya ketemu juga."
714,"Aku pernah order di Shopee, emang bagus nih krim."
715,Cocok untuk Berbagai Kalangan dan Masalah Kulit:
716,"Yang mau hasilnya maksimal, pake rutin tiap mau tidur. Pasti hasilnya bagus kayak aku."
717,"Aku pernah order di Shopee, emang bagus nih krim."
718,Muka kusamku jadi segeran setelah rutin pake krim ini.
719,"Aku saranin kalo mau hasilnya lebih bagus, pake facial wash dulu sebelum pake ini, dijamin krimnya meresap ke kulit."
720,"Aku juga pake dan cocok. Kalo jerawat, 2 hari aja udah mulai kempis. Kalo buat flek, kayaknya butuh sekitar 3 mingguan, kira-kira 1-2 pot cukup."
721,Cocok untuk Berbagai Kalangan dan Masalah Kulit:
722,"Aku pernah order di Shopee, emang bagus nih krim."
723,"Aku cuma pake sunscreen dan krim ini doang, alhamdulillah setahun udah mulusan."
724,"Yang mau hasilnya maksimal, pake rutin tiap mau tidur. Pasti hasilnya bagus kayak aku."
725,"Lagi dan lagi, produk Beautyhacks gak pernah kecewa."
726,"Gak nyangka hasilnya bisa secepat ini, recommended banget!"
727,"Dikira bakal lengket di kulit, eh pas dipake ternyata enggak sama sekali, malah ringan banget."
728,"Kak, aku udah abis 3 pot nih, udah jadi langganan, bonusin dong!"
729,"Gak kecewa sama sekali beli ini, cuma pengirimannya agak lama dikit gak masalah."
730,"Ringan banget di muka, malah mirip kayak skincare mahal yang dulu aku pake, efeknya bagus banget."
731,Hasilnya nyata dan bagus banget.
732,Aku udah pake sekitar seminggu dan udah keliatan hasilnya. Bakal order lagi nih.
733,"Aku pernah order di Shopee, emang bagus nih krim."
734,"Baunya juga enak, gak nyengat sama sekali."
735,"Aku dulu dibeliin istri pake ini, tapi emang agak sabar harusnya."
736,"Aku cuma pake sunscreen dan krim ini doang, alhamdulillah setahun udah mulusan."
737,"Baunya juga enak, gak nyengat sama sekali."
738,"Baunya juga enak, gak nyengat sama sekali."
739,"Udah check out kak, yang kemarin udah abis dan cocok banget."
740,"Gak kecewa sama sekali beli ini, cuma pengirimannya agak lama dikit gak masalah."
741,"Ternyata gak kerasa, belum sebulan pake udah ada hasilnya aja."
742,Muka kusamku jadi segeran setelah rutin pake krim ini.
743,"Aku juga lagi pake, alhamdulillah hasilnya udah keliatan."
744,Hasilnya nyata dan bagus banget.
745,Aku udah pake sekitar seminggu dan udah keliatan hasilnya. Bakal order lagi nih.
746,"Inget ya, ini bukan menghilangkan, tapi memudarkan dan harus dipakai rutin. Soalnya aku udah coba."
747,Masih menjadi misteri kenapa Dr. Fay bisa sebagus itu.
748,Akhirnya nemu skincare yang cocok dan gak bikin kantong kering.
749,"Banyakin produk kayak gini, aku anak kuliahan yang minim budget banget pengen glowing."
750,Pokoknya bintang lima deh buat produk ini! Luv banget!
751,"Cocok banget buat anak sekolahan, murah tapi hasilnya oke banget."
752,Aku udah pake sekitar seminggu dan udah keliatan hasilnya. Bakal order lagi nih.
753,Aku udah pake sekitar seminggu dan udah keliatan hasilnya. Bakal order lagi nih.
754,"Aku pernah order di Shopee, emang bagus nih krim."
755,"Udah check out kak, yang kemarin udah abis dan cocok banget."
756,"Aku pake ini nih, inget banget perjuanganku 2023."
757,""
758,"Aku udah order di Shopee dulu, udah abis 2 cup kayaknya dan sekarang udah puas banget sama hasilnya."
759,"Dulu insecure banget sama bopeng, sekarang udah jauh lebih pede."
760,"Pakenya gampang, cepet meresap lagi."
761,"Aku 2 bulanan udah mulai pudar, walaupun belum pudar total tapi udah membantu lah itungannya."
762,"Sumpah, pake yang lain gak ada efeknya. Baru 2 hari pake ini, jerawat udah mulai kering. Emang the best!"
763,"Teksturnya lembut dan ringan di kulit, suka!"
764,"Simpen dulu di keranjang kuning, nanti check out."
765,"Aku dulu dibeliin istri pake ini, tapi emang agak sabar harusnya."
766,"Simpen dulu di keranjang kuning, nanti check out."
767,Banyak yang bilang ini penyelamat kulit yang lagi breakout parah.
768,"Pakenya gampang, cepet meresap lagi."
769,Pengirimannya selalu cepet dan packingnya rapi.
770,"Krimnya ringan, gak lengket, dan yang penting bikin kulitku jadi lebih halus."
771,"Ini beneran, aku udah nyoba sendiri."
772,"Ini beneran, aku udah nyoba sendiri."
773,Cocok untuk Berbagai Kalangan dan Masalah Kulit:
774,"Cocok banget buat anak sekolahan, murah tapi hasilnya oke banget."
775,"Lagi make dan memang masih proses, semoga ikhtiarku hasilnya maksimal."
776,Aku udah pake sekitar seminggu dan udah keliatan hasilnya. Bakal order lagi nih.
777,"Aku juga lagi pake, alhamdulillah hasilnya udah keliatan."
778,"Pengiriman cepet juga ya, ke Bekasi 2 hari sampe."
779,Akhirnya nemu skincare yang cocok dan gak bikin kantong kering.
780,"Aku 2 bulanan udah mulai pudar, walaupun belum pudar total tapi udah membantu lah itungannya."
781,"Aku termasuk orang yang gak percayaan kalo beli ini online, baru kali ini beli krim hasilnya sesuai sama di video."
782,Di aku cocok banget! Makasih banyak!
783,"Aku 2 bulanan udah mulai pudar, walaupun belum pudar total tapi udah membantu lah itungannya."
784,"Banyakin produk kayak gini, aku anak kuliahan yang minim budget banget pengen glowing."
785,Aku pake ini cukup 2 minggu aja bopeng sama flek hitam bekas jerawat hilang.
786,"Aku udah order di Shopee dulu, udah abis 2 cup kayaknya dan sekarang udah puas banget sama hasilnya."
787,"Ringan banget di muka, malah mirip kayak skincare mahal yang dulu aku pake, efeknya bagus banget."
788,"Gak kecewa sama sekali beli ini, cuma pengirimannya agak lama dikit gak masalah."
789,"Ternyata gak kerasa, belum sebulan pake udah ada hasilnya aja."
790,"Ternyata gak kerasa, belum sebulan pake udah ada hasilnya aja."
791,Cocok untuk Berbagai Kalangan dan Masalah Kulit:
792,Tekstur dan Kenyamanan Penggunaan:
793,"Pengiriman cepet juga ya, ke Bekasi 2 hari sampe."
794,"Temen-temenku pada nanyain aku pake skincare apa, karena muka ku jadi glowing."
795,Tekstur dan Kenyamanan Penggunaan:
796,Hasilnya nyata dan bagus banget.
797,Pelayanannya juga ramah dan fast response.
798,"Aku cuma pake sunscreen dan krim ini doang, alhamdulillah setahun udah mulusan."
799,Pengirimannya selalu cepet dan packingnya rapi.
800,"Aku termasuk orang yang gak percayaan kalo beli ini online, baru kali ini beli krim hasilnya sesuai sama di video."
801,Di aku cocok banget! Makasih banyak!
802,"Aku juga pake dan cocok. Kalo jerawat, 2 hari aja udah mulai kempis. Kalo buat flek, kayaknya butuh sekitar 3 mingguan, kira-kira 1-2 pot cukup."
803,"Aku udah order di Shopee dulu, udah abis 2 cup kayaknya dan sekarang udah puas banget sama hasilnya."
804,"Aku pake ini nih, inget banget perjuanganku 2023."
805,"Lagi dan lagi, produk Beautyhacks gak pernah kecewa."
806,"Banyakin produk kayak gini, aku anak kuliahan yang minim budget banget pengen glowing."
807,Banyak yang bilang ini penyelamat kulit yang lagi breakout parah.
808,"Aku cowok yang cuek sama perawatan, tapi buat masalah jerawat, krim ini beneran ampuh meredakan. Asal dipake rutin, produk ini bagus banget."
809,"Banyakin produk kayak gini, aku anak kuliahan yang minim budget banget pengen glowing."
810,"Aku termasuk orang yang gak percayaan kalo beli ini online, baru kali ini beli krim hasilnya sesuai sama di video."
811,"Sumpah, pake yang lain gak ada efeknya. Baru 2 hari pake ini, jerawat udah mulai kering. Emang the best!"
812,"Aku juga pake dan cocok. Kalo jerawat, 2 hari aja udah mulai kempis. Kalo buat flek, kayaknya butuh sekitar 3 mingguan, kira-kira 1-2 pot cukup."
813,"Ini dia yang aku cari-cari, akhirnya ketemu juga."
814,"Banyakin produk kayak gini, aku anak kuliahan yang minim budget banget pengen glowing."
815,Muka kusamku jadi segeran setelah rutin pake krim ini.
816,Pelayanannya juga ramah dan fast response.
817,"Udah check out kak, yang kemarin udah abis dan cocok banget."
818,"Aku saranin kalo mau hasilnya lebih bagus, pake facial wash dulu sebelum pake ini, dijamin krimnya meresap ke kulit."
819,Masih menjadi misteri kenapa Dr. Fay bisa sebagus itu.
820,"Inget ya, ini bukan menghilangkan, tapi memudarkan dan harus dipakai rutin. Soalnya aku udah coba."
821,"Aku saranin kalo mau hasilnya lebih bagus, pake facial wash dulu sebelum pake ini, dijamin krimnya meresap ke kulit."
822,"Gak kecewa sama sekali beli ini, cuma pengirimannya agak lama dikit gak masalah."
823,"Cocok banget buat anak sekolahan, murah tapi hasilnya oke banget."
824,"Worth it banget sama harganya, hasilnya gak bohong!"
825,"Krimnya ringan, gak lengket, dan yang penting bikin kulitku jadi lebih halus."
826,Suka banget sama produknya!
827,"Dulu insecure banget sama bopeng, sekarang udah jauh lebih pede."
828,"Dulu insecure banget sama bopeng, sekarang udah jauh lebih pede."
829,"Gak nyangka hasilnya bisa secepat ini, recommended banget!"
830,Makasih banget udah bantu permasalahanku!
831,"Dulu insecure banget sama bopeng, sekarang udah jauh lebih pede."
832,"Aku 2 bulanan udah mulai pudar, walaupun belum pudar total tapi udah membantu lah itungannya."
833,"Worth it banget sama harganya, hasilnya gak bohong!"
834,Di aku cocok banget! Makasih banyak!
835,Cocok untuk Berbagai Kalangan dan Masalah Kulit:
836,"Bakalan langganan ini mah, soalnya aku ngerasain banget insecure-nya."
837,"Aku cowok yang cuek sama perawatan, tapi buat masalah jerawat, krim ini beneran ampuh meredakan. Asal dipake rutin, produk ini bagus banget."
838,Pelayanannya juga ramah dan fast response.
839,"Temen-temenku pada nanyain aku pake skincare apa, karena muka ku jadi glowing."
840,Banyak yang bilang ini penyelamat kulit yang lagi breakout parah.
841,"Sumpah, pake yang lain gak ada efeknya. Baru 2 hari pake ini, jerawat udah mulai kering. Emang the best!"
842,"Gak kecewa sama sekali beli ini, cuma pengirimannya agak lama dikit gak masalah."
843,"Inget ya, ini bukan menghilangkan, tapi memudarkan dan harus dipakai rutin. Soalnya aku udah coba."
844,"Inget ya, ini bukan menghilangkan, tapi memudarkan dan harus dipakai rutin. Soalnya aku udah coba."
845,"Krimnya ringan, gak lengket, dan yang penting bikin kulitku jadi lebih halus."
846,"Aku pake ini nih, inget banget perjuanganku 2023."
847,"Aku saranin kalo mau hasilnya lebih bagus, pake facial wash dulu sebelum pake ini, dijamin krimnya meresap ke kulit."
848,"Temen-temenku pada nanyain aku pake skincare apa, karena muka ku jadi glowing."
849,"Gak nyangka hasilnya bisa secepat ini, recommended banget!"
850,Pokoknya bintang lima deh buat produk ini! Luv banget!
851,Banyak yang bilang ini penyelamat kulit yang lagi breakout parah.
852,Banyak yang bilang ini penyelamat kulit yang lagi breakout parah.
853,"Aku cuma pake sunscreen dan krim ini doang, alhamdulillah setahun udah mulusan."
854,Pengirimannya selalu cepet dan packingnya rapi.
855,""
856,"Kak, aku udah abis 3 pot nih, udah jadi langganan, bonusin dong!"
857,"Ini dia yang aku cari-cari, akhirnya ketemu juga."
858,"Ringan banget di muka, malah mirip kayak skincare mahal yang dulu aku pake, efeknya bagus banget."
859,Di aku cocok banget! Makasih banyak!
860,"Baunya juga enak, gak nyengat sama sekali."
861,"Gak nyangka hasilnya bisa secepat ini, recommended banget!"
862,"Gak nyangka hasilnya bisa secepat ini, recommended banget!"
863,Pengirimannya selalu cepet dan packingnya rapi.
864,"Yang mau hasilnya maksimal, pake rutin tiap mau tidur. Pasti hasilnya bagus kayak aku."
865,"Bakalan langganan ini mah, soalnya aku ngerasain banget insecure-nya."
866,"Aku 2 bulanan udah mulai pudar, walaupun belum pudar total tapi udah membantu lah itungannya."
867,"Aku udah pakai ini, baru pakai 3 minggu bopeng bye-bye, suka banget!"
868,"Ini dia yang aku cari-cari, akhirnya ketemu juga."
869,Di aku cocok banget! Makasih banyak!
870,"Aku dulu dibeliin istri pake ini, tapi emang agak sabar harusnya."
871,"Ternyata gak kerasa, belum sebulan pake udah ada hasilnya aja."
872,Banyak yang bilang ini penyelamat kulit yang lagi breakout parah.
873,Tekstur dan Kenyamanan Penggunaan:
874,"Dikira bakal lengket di kulit, eh pas dipake ternyata enggak sama sekali, malah ringan banget."
875,"Cocok banget buat anak sekolahan, murah tapi hasilnya oke banget."
876,"Kak, aku udah abis 3 pot nih, udah jadi langganan, bonusin dong!"
877,Di aku cocok banget! Makasih banyak!
878,"Yang mau hasilnya maksimal, pake rutin tiap mau tidur. Pasti hasilnya bagus kayak aku."
879,"Krimnya ringan, gak lengket, dan yang penting bikin kulitku jadi lebih halus."
880,"Aku udah pakai ini, baru pakai 3 minggu bopeng bye-bye, suka banget!"
881,Muka kusamku jadi segeran setelah rutin pake krim ini.
882,"Lagi make dan memang masih proses, semoga ikhtiarku hasilnya maksimal."
883,"Aku pernah order di Shopee, emang bagus nih krim."
884,"Dikira bakal lengket di kulit, eh pas dipake ternyata enggak sama sekali, malah ringan banget."
885,Masih menjadi misteri kenapa Dr. Fay bisa sebagus itu.
886,Akhirnya nemu skincare yang cocok dan gak bikin kantong kering.
887,"Dikira bakal lengket di kulit, eh pas dipake ternyata enggak sama sekali, malah ringan banget."
888,"Aku cuma pake sunscreen dan krim ini doang, alhamdulillah setahun udah mulusan."
889,"Kak, aku udah abis 3 pot nih, udah jadi langganan, bonusin dong!"
890,"Gak kecewa sama sekali beli ini, cuma pengirimannya agak lama dikit gak masalah."
891,"Aku pake ini nih, inget banget perjuanganku 2023."
892,"Ini dia yang aku cari-cari, akhirnya ketemu juga."
893,"Aku pake ini nih, inget banget perjuanganku 2023."
894,"Pengiriman cepet juga ya, ke Bekasi 2 hari sampe."
895,"Aku udah order di Shopee dulu, udah abis 2 cup kayaknya dan sekarang udah puas banget sama hasilnya."
896,"Ini beneran, aku udah nyoba sendiri."
897,Akhirnya nemu skincare yang cocok dan gak bikin kantong kering.
898,"Gak nyangka hasilnya bisa secepat ini, recommended banget!"
899,"Dikira bakal lengket di kulit, eh pas dipake ternyata enggak sama sekali, malah ringan banget."
900,"Aku udah pakai ini, baru pakai 3 minggu bopeng bye-bye, suka banget!"
901,"Lagi make dan memang masih proses, semoga ikhtiarku hasilnya maksimal."
902,Hasilnya nyata dan bagus banget.
903,"Worth it banget sama harganya, hasilnya gak bohong!"
904,"Aku pake ini nih, inget banget perjuanganku 2023."
905,"Ringan banget di muka, malah mirip kayak skincare mahal yang dulu aku pake, efeknya bagus banget."
906,"Aku juga lagi pake, alhamdulillah hasilnya udah keliatan."
907,Pokoknya bintang lima deh buat produk ini! Luv banget!
908,"Ini beneran, aku udah nyoba sendiri."
909,Cocok untuk Berbagai Kalangan dan Masalah Kulit:
910,"Worth it banget sama harganya, hasilnya gak bohong!"
911,"Ternyata gak kerasa, belum sebulan pake udah ada hasilnya aja."
912,""
913,"Gak nyangka hasilnya bisa secepat ini, recommended banget!"
914,"Aku cuma pake sunscreen dan krim ini doang, alhamdulillah setahun udah mulusan."
915,"Teksturnya lembut dan ringan di kulit, suka!"
916,Aku udah pake sekitar seminggu dan udah keliatan hasilnya. Bakal order lagi nih.
917,"Aku udah pakai ini, baru pakai 3 minggu bopeng bye-bye, suka banget!"
918,"Aku termasuk orang yang gak percayaan kalo beli ini online, baru kali ini beli krim hasilnya sesuai sama di video."
919,"Aku pernah order di Shopee, emang bagus nih krim."
920,"Gak kecewa sama sekali beli ini, cuma pengirimannya agak lama dikit gak masalah."
921,"Aku termasuk orang yang gak percayaan kalo beli ini online, baru kali ini beli krim hasilnya sesuai sama di video."
922,Suka banget sama produknya!
923,Di aku cocok banget! Makasih banyak!
924,"Kak, aku udah abis 3 pot nih, udah jadi langganan, bonusin dong!"
925,Aku udah pake sekitar seminggu dan udah keliatan hasilnya. Bakal order lagi nih.
926,"Teksturnya lembut dan ringan di kulit, suka!"
927,"Lagi make dan memang masih proses, semoga ikhtiarku hasilnya maksimal."
928,"Bakalan langganan ini mah, soalnya aku ngerasain banget insecure-nya."
929,Masih menjadi misteri kenapa Dr. Fay bisa sebagus itu.
930,"Gak nyangka hasilnya bisa secepat ini, recommended banget!"
931,""
932,"Gak kecewa sama sekali beli ini, cuma pengirimannya agak lama dikit gak masalah."
933,"Ringan banget di muka, malah mirip kayak skincare mahal yang dulu aku pake, efeknya bagus banget."
934,"Inget ya, ini bukan menghilangkan, tapi memudarkan dan harus dipakai rutin. Soalnya aku udah coba."
935,Pelayanannya juga ramah dan fast response.
936,"Aku udah pakai ini, baru pakai 3 minggu bopeng bye-bye, suka banget!"
937,"Aku termasuk orang yang gak percayaan kalo beli ini online, baru kali ini beli krim hasilnya sesuai sama di video."
938,"Aku saranin kalo mau hasilnya lebih bagus, pake facial wash dulu sebelum pake ini, dijamin krimnya meresap ke kulit."
939,"Ternyata gak kerasa, belum sebulan pake udah ada hasilnya aja."
940,"Temen-temenku pada nanyain aku pake skincare apa, karena muka ku jadi glowing."
941,Di aku cocok banget! Makasih banyak!
942,Hasilnya nyata dan bagus banget.
943,"Bakalan langganan ini mah, soalnya aku ngerasain banget insecure-nya."
944,Makasih banget udah bantu permasalahanku!
945,"Ternyata gak kerasa, belum sebulan pake udah ada hasilnya aja."
946,"Banyakin produk kayak gini, aku anak kuliahan yang minim budget banget pengen glowing."
947,Muka kusamku jadi segeran setelah rutin pake krim ini.
948,"Baunya juga enak, gak nyengat sama sekali."
949,"Aku 2 bulanan udah mulai pudar, walaupun belum pudar total tapi udah membantu lah itungannya."
950,"Worth it banget sama harganya, hasilnya gak bohong!"
951,"Teksturnya lembut dan ringan di kulit, suka!"
952,"Aku dulu dibeliin istri pake ini, tapi emang agak sabar harusnya."
953,"Baunya juga enak, gak nyengat sama sekali."
954,"Dikira bakal lengket di kulit, eh pas dipake ternyata enggak sama sekali, malah ringan banget."
955,"Ternyata gak kerasa, belum sebulan pake udah ada hasilnya aja."
956,"Dulu insecure banget sama bopeng, sekarang udah jauh lebih pede."
957,"Yang mau hasilnya maksimal, pake rutin tiap mau tidur. Pasti hasilnya bagus kayak aku."
958,"Cocok banget buat anak sekolahan, murah tapi hasilnya oke banget."
959,"Bakalan langganan ini mah, soalnya aku ngerasain banget insecure-nya."
960,Banyak yang bilang ini penyelamat kulit yang lagi breakout parah.
961,"Inget ya, ini bukan menghilangkan, tapi memudarkan dan harus dipakai rutin. Soalnya aku udah coba."
962,"Inget ya, ini bukan menghilangkan, tapi memudarkan dan harus dipakai rutin. Soalnya aku udah coba."
963,Hasilnya nyata dan bagus banget.
964,Hasilnya nyata dan bagus banget.
965,"Udah check out kak, yang kemarin udah abis dan cocok banget."
966,"Pakenya gampang, cepet meresap lagi."
967,"Aku udah pakai ini, baru pakai 3 minggu bopeng bye-bye, suka banget!"
968,"Ringan banget di muka, malah mirip kayak skincare mahal yang dulu aku pake, efeknya bagus banget."
969,Makasih banget udah bantu permasalahanku!
970,"Ini dia yang aku cari-cari, akhirnya ketemu juga."
971,Suka banget sama produknya!
972,"Aku juga pake dan cocok. Kalo jerawat, 2 hari aja udah mulai kempis. Kalo buat flek, kayaknya butuh sekitar 3 mingguan, kira-kira 1-2 pot cukup."
973,"Udah check out kak, yang kemarin udah abis dan cocok banget."
974,"Inget ya, ini bukan menghilangkan, tapi memudarkan dan harus dipakai rutin. Soalnya aku udah coba."
975,"Lagi make dan memang masih proses, semoga ikhtiarku hasilnya maksimal."
976,"Aku juga pake dan cocok. Kalo jerawat, 2 hari aja udah mulai kempis. Kalo buat flek, kayaknya butuh sekitar 3 mingguan, kira-kira 1-2 pot cukup."
977,"Banyakin produk kayak gini, aku anak kuliahan yang minim budget banget pengen glowing."
978,"Aku udah pakai ini, baru pakai 3 minggu bopeng bye-bye, suka banget!"
979,"Ringan banget di muka, malah mirip kayak skincare mahal yang dulu aku pake, efeknya bagus banget."
980,"Teksturnya lembut dan ringan di kulit, suka!"
981,Hasilnya nyata dan bagus banget.
982,"Aku udah order di Shopee dulu, udah abis 2 cup kayaknya dan sekarang udah puas banget sama hasilnya."
983,Pengirimannya selalu cepet dan packingnya rapi.
984,"Aku cuma pake sunscreen dan krim ini doang, alhamdulillah setahun udah mulusan."
985,"Ringan banget di muka, malah mirip kayak skincare mahal yang dulu aku pake, efeknya bagus banget."
986,"Pengiriman cepet juga ya, ke Bekasi 2 hari sampe."
987,"Simpen dulu di keranjang kuning, nanti check out."
988,Di aku cocok banget! Makasih banyak!
989,Aku udah pake sekitar seminggu dan udah keliatan hasilnya. Bakal order lagi nih.
990,Masih menjadi misteri kenapa Dr. Fay bisa sebagus itu.
991,"Cocok banget buat anak sekolahan, murah tapi hasilnya oke banget."
992,Pengirimannya selalu cepet dan packingnya rapi.
993,"Aku cowok yang cuek sama perawatan, tapi buat masalah jerawat, krim ini beneran ampuh meredakan. Asal dipake rutin, produk ini bagus banget."
994,Cocok untuk Berbagai Kalangan dan Masalah Kulit:
995,"Temen-temenku pada nanyain aku pake skincare apa, karena muka ku jadi glowing."
996,"Pengiriman cepet juga ya, ke Bekasi 2 hari sampe."
997,Akhirnya nemu skincare yang cocok dan gak bikin kantong kering.
998,"Ternyata gak kerasa, belum sebulan pake udah ada hasilnya aja."
999,"Yang mau hasilnya maksimal, pake rutin tiap mau tidur. Pasti hasilnya bagus kayak aku."
1000,"Gak kecewa sama sekali beli ini, cuma pengirimannya agak lama dikit gak masalah."
